Workbook

Sheet Matriz
A1: ID | B1: Grupo | C1: Usuario | D1: Pasos | E1: Resultado esperado | F1: Resultado obtenido | G1: Estado | H1: Evidencia
A2: L-01 | B2: Login | C2: (sin sesión) | D2: 1) Abrir http://localhost:4200/login con F12 > Red abierta. 2) Pulsar «Ingresar» con el formulario vacío. 3) Escribir solo el usuario «admin» y pulsar «Ingresar». | E2: Paso 2: mensajes «Ingrese su usuario.» e «Ingrese su contraseña.». Paso 3: solo el mensaje de contraseña. En ambos pasos no aparece ningún POST /auth/login en Red. | G2: Pendiente | H2: L-01.png — /login con los mensajes de validación y pestaña Red sin POST a /auth/login.
A3: L-02 | B3: Login | C3: admin; inactivo; usuario inexistente | D3: 1) Usuario «admin» con contraseña incorrecta. 2) Usuario inexistente (p. ej. «noexiste»). 3) «inactivo» / Inactivo2026*. En cada intento anotar el estado HTTP de POST /auth/login en Red. | E3: Los tres intentos muestran el mismo mensaje «Usuario o contraseña incorrectos.»; se permanece en /login sin recargar la página; el campo contraseña se vacía; el mensaje no revela cuál dato falló ni que la cuenta inactiva existe. Registrar el código real (se espera 401). | G3: Pendiente | H3: L-02.png — mensaje en el formulario; L-02_red.png — filas de login en Red con su estado.
A4: L-03 | B4: Login | C4: vendedor | D4: 1) En /login escribir vendedor / Vendedor2026*. 2) Hacer doble clic rápido en «Ingresar». 3) Revisar en Red cuántos POST /auth/login salieron. | E4: El botón pasa a «Ingresando…» y queda deshabilitado tras el primer clic; sale un único POST /auth/login y se navega a /inicio (o a la returnUrl). | G4: Pendiente | H4: L-03.png — pestaña Red con un solo POST /auth/login y la pantalla de destino.
A5: L-04 | B5: Login | C5: admin | D5: 1) Abrir /login?returnUrl=https%3A%2F%2Fexample.com e iniciar sesión con admin / Admin2026*. 2) Cerrar sesión y repetir con returnUrl=%2F%2Fexample.com. 3) Cerrar sesión y repetir con returnUrl=%2F%5Cexample.com. 4) Control: returnUrl=%2Fventas. | E5: Pasos 1–3: la SPA entra a /inicio y la barra de direcciones sigue en localhost:4200 (no hay redirección abierta). Paso 4: entra a /ventas. | G5: Pendiente | H5: L-04.png — barra de direcciones en localhost:4200/inicio tras el login con returnUrl externo.
A6: S-01 | B6: Sesión | C6: vendedor | D6: 1) Iniciar sesión y abrir /productos. 2) Pulsar F5. 3) Revisar Aplicación > Almacenamiento de sesión. 4) Cerrar TODO el navegador, reabrirlo y entrar a http://localhost:4200/productos. | E6: Tras F5 se mantiene la sesión en /productos. Existe la clave pharmasoft.sesion con token, expiraEn y permisos. Tras cerrar y reabrir el navegador la clave ya no existe y se llega a /login?returnUrl=%2Fproductos. | G6: Pendiente | H6: S-01.png — Almacenamiento de sesión con pharmasoft.sesion (token recortado); S-01_reabrir.png — login tras reabrir.
A7: S-02 | B7: Sesión | C7: vendedor | D7: 1) Iniciar sesión y abrir /productos. 2) En Almacenamiento de sesión editar pharmasoft.sesion y poner expiraEn en un valor pasado (p. ej. 1700000000000). 3) Pulsar F5. | E7: La SPA descarta la sesión guardada: la clave se elimina y se llega a /login?returnUrl=%2Fproductos. Según el código, el aviso «Su sesión expiró» NO se muestra aquí, porque la lectura inicial descarta la sesión en silencio. Registrar lo observado. | G7: Pendiente | H7: S-02.png — login y almacenamiento sin la clave pharmasoft.sesion.
A8: S-03 | B8: Sesión | C8: vendedor | D8: 1) Iniciar sesión. 2) Reemplazar el valor de pharmasoft.sesion por texto que no sea JSON (p. ej. esto no es json). 3) Pulsar F5. 4) Revisar la consola. | E8: No hay pantalla en blanco ni excepción sin controlar: la clave se elimina y se llega a /login?returnUrl=… . La consola no muestra errores no capturados. | G8: Pendiente | H8: S-03.png — login y consola sin errores.
A9: S-04 | B9: Sesión | C9: vendedor | D9: 1) Iniciar sesión en la pestaña A. 2) Abrir una pestaña nueva B con la misma dirección. 3) En B iniciar sesión también. 4) Cerrar sesión en A. 5) En B navegar a /productos. | E9: sessionStorage es por pestaña: B pide login por sí misma y el cierre de A no cierra B, que sigue operando hasta vencer su token o recibir 401. Anotar si el comportamiento coincide (posible limitación a documentar en el informe). | G9: Pendiente | H9: S-04_A.png y S-04_B.png — ambas pestañas tras el cierre en A.
A10: I-01 | B10: Interceptor | C10: vendedor | D10: 1) Iniciar sesión (observar POST /auth/login en Red). 2) Abrir /productos y seleccionar GET /productos. 3) Revisar los encabezados de solicitud de ambas peticiones. 4) Ejecutar «npm test» y verificar que auth-interceptor.spec.ts pasa (cubre la petición a un dominio externo). | E10: GET /productos lleva Authorization: Bearer eyJ… ; POST /auth/login no lleva Authorization; la petición a un dominio externo no lleva Authorization (prueba automática). | G10: Pendiente | H10: I-01_api.png, I-01_login.png (encabezados, token recortado) e I-01_test.png (salida de npm test).
A11: I-02 | B11: Interceptor | C11: vendedor | D11: 1) Iniciar sesión y abrir /productos. 2) Detener PharmaBackend. 3) Pulsar «Actualizar» o recargar la lista desde la SPA (sin F5). 4) Revisar el encabezado y el almacenamiento de sesión. | E11: Aparece el mensaje de falta de conexión («No se pudo conectar con el servidor…»), el estado de la petición es 0/Failed; la sesión NO se cierra: sigue el encabezado con el usuario y pharmasoft.sesion existe; no hay redirección a /login. | G11: Pendiente | H11: I-02.png — mensaje de conexión con el encabezado mostrando la sesión activa.
A12: I-03 | B12: Interceptor | C12: vendedor | D12: 1) Iniciar sesión y abrir /productos. 2) Cambiar un carácter del token en pharmasoft.sesion. 3) Pulsar F5. 4) Revisar Red y la pantalla final. | E12: GET /productos responde 401; errorInterceptor cierra la sesión; se llega a /login?expirada=1&returnUrl=%2Fproductos con el aviso «Su sesión expiró. Inicie sesión nuevamente.»; la clave pharmasoft.sesion desaparece. | G12: Pendiente | H12: I-03_red.png (401 en Red) e I-03_login.png (login con el aviso).
A13: G-01 | B13: Guards | C13: (sin sesión) | D13: Con el navegador sin sesión, escribir una por una: /ventas, /productos, /categorias, /productos/nuevo, /reportes/ventas-categoria, /mi-cuenta. (Verificar contra el PDF oficial de la actividad si la lista de rutas difiere.) | E13: Cada ruta redirige a /login?returnUrl=<ruta pedida codificada>; no se ve contenido protegido ni se hace ninguna petición a la API. | G13: Pendiente | H13: G-01.png — barra de direcciones con returnUrl (una captura por ruta o un collage).
... A25: B-04 | B25: Aviso de expiración | C25: vendedor | D25: Sin ocultar el aviso, dejar llegar el contador a 00:00. Después revisar Red, el almacenamiento y (en la consola) que no haya errores. | E25: Al llegar a cero se cierra la sesión y la SPA va a /login?expirada=1&returnUrl=… con «Su sesión expiró. Inicie sesión nuevamente.»; pharmasoft.sesion desaparece; no se siguen haciendo peticiones ni quedan temporizadores (el contador no sigue corriendo). | G25: Pendiente | H25: B-04.png — login con el aviso de expiración.

Sheet Resumen
A1: Grupo | B1: Total | C1: Aprobados | D1: Fallidos | E1: Pendientes
A2: Login | B2: =COUNTIF(Matriz!$B$2:$B$25,A2) -> 4 | C2: =COUNTIFS(Matriz!$B$2:$B$25,A2,Matriz!$G$2:$G$25,"Aprobado") -> 0 | D2: =COUNTIFS(Matriz!$B$2:$B$25,A2,Matriz!$G$2:$G$25,"Fallido") -> 0 | E2: =COUNTIFS(Matriz!$B$2:$B$25,A2,Matriz!$G$2:$G$25,"Pendiente") -> 4
A3: Sesión | B3: =COUNTIF(Matriz!$B$2:$B$25,A3) -> 5 | C3: =COUNTIFS(Matriz!$B$2:$B$25,A3,Matriz!$G$2:$G$25,"Aprobado") -> 0 | D3: =COUNTIFS(Matriz!$B$2:$B$25,A3,Matriz!$G$2:$G$25,"Fallido") -> 0 | E3: =COUNTIFS(Matriz!$B$2:$B$25,A3,Matriz!$G$2:$G$25,"Pendiente") -> 5
A4: Interceptor | B4: =COUNTIF(Matriz!$B$2:$B$25,A4) -> 3 | C4: =COUNTIFS(Matriz!$B$2:$B$25,A4,Matriz!$G$2:$G$25,"Aprobado") -> 0 | D4: =COUNTIFS(Matriz!$B$2:$B$25,A4,Matriz!$G$2:$G$25,"Fallido") -> 0 | E4: =COUNTIFS(Matriz!$B$2:$B$25,A4,Matriz!$G$2:$G$25,"Pendiente") -> 3
A5: Guards | B5: =COUNTIF(Matriz!$B$2:$B$25,A5) -> 3 | C5: =COUNTIFS(Matriz!$B$2:$B$25,A5,Matriz!$G$2:$G$25,"Aprobado") -> 0 | D5: =COUNTIFS(Matriz!$B$2:$B$25,A5,Matriz!$G$2:$G$25,"Fallido") -> 0 | E5: =COUNTIFS(Matriz!$B$2:$B$25,A5,Matriz!$G$2:$G$25,"Pendiente") -> 3
A6: Menú y acciones | B6: =COUNTIF(Matriz!$B$2:$B$25,A6) -> 2 | C6: =COUNTIFS(Matriz!$B$2:$B$25,A6,Matriz!$G$2:$G$25,"Aprobado") -> 0 | D6: =COUNTIFS(Matriz!$B$2:$B$25,A6,Matriz!$G$2:$G$25,"Fallido") -> 0 | E6: =COUNTIFS(Matriz!$B$2:$B$25,A6,Matriz!$G$2:$G$25,"Pendiente") -> 2
A7: Respuesta 403 | B7: =COUNTIF(Matriz!$B$2:$B$25,A7) -> 1 | C7: =COUNTIFS(Matriz!$B$2:$B$25,A7,Matriz!$G$2:$G$25,"Aprobado") -> 0 | D7: =COUNTIFS(Matriz!$B$2:$B$25,A7,Matriz!$G$2:$G$25,"Fallido") -> 0 | E7: =COUNTIFS(Matriz!$B$2:$B$25,A7,Matriz!$G$2:$G$25,"Pendiente") -> 1
A8: Mi cuenta | B8: =COUNTIF(Matriz!$B$2:$B$25,A8) -> 1 | C8: =COUNTIFS(Matriz!$B$2:$B$25,A8,Matriz!$G$2:$G$25,"Aprobado") -> 0 | D8: =COUNTIFS(Matriz!$B$2:$B$25,A8,Matriz!$G$2:$G$25,"Fallido") -> 0 | E8: =COUNTIFS(Matriz!$B$2:$B$25,A8,Matriz!$G$2:$G$25,"Pendiente") -> 1
A9: Accesibilidad | B9: =COUNTIF(Matriz!$B$2:$B$25,A9) -> 1 | C9: =COUNTIFS(Matriz!$B$2:$B$25,A9,Matriz!$G$2:$G$25,"Aprobado") -> 0 | D9: =COUNTIFS(Matriz!$B$2:$B$25,A9,Matriz!$G$2:$G$25,"Fallido") -> 0 | E9: =COUNTIFS(Matriz!$B$2:$B$25,A9,Matriz!$G$2:$G$25,"Pendiente") -> 1
A10: Aviso de expiración | B10: =COUNTIF(Matriz!$B$2:$B$25,A10) -> 4 | C10: =COUNTIFS(Matriz!$B$2:$B$25,A10,Matriz!$G$2:$G$25,"Aprobado") -> 0 | D10: =COUNTIFS(Matriz!$B$2:$B$25,A10,Matriz!$G$2:$G$25,"Fallido") -> 0 | E10: =COUNTIFS(Matriz!$B$2:$B$25,A10,Matriz!$G$2:$G$25,"Pendiente") -> 4
A11: TOTAL | B11: =SUM(B2:B10) -> 24 | C11: =SUM(C2:C10) -> 0 | D11: =SUM(D2:D10) -> 0 | E11: =SUM(E2:E10) -> 24
A13: Ejecutadas (Aprobados + Fallidos) | B13: =C11+D11 -> 0
A14: Nota: las cifras se calculan solas a partir de la columna Estado de la hoja Matriz. Mientras todo esté «Pendiente», ninguna prueba se considera ejecutada.

Sheet Evidencias
A1: ID | B1: Archivo(s) esperado(s) en docs/evidencias/ | C1: Qué debe verse
A2: L-01 | B2: L-01.png | C2: /login con los mensajes de validación y pestaña Red sin POST a /auth/login.
A3: L-02 | B3: L-02.png | C3: mensaje en el formulario; L-02_red.png — filas de login en Red con su estado.
A4: L-03 | B4: L-03.png | C4: pestaña Red con un solo POST /auth/login y la pantalla de destino.
A5: L-04 | B5: L-04.png | C5: barra de direcciones en localhost:4200/inicio tras el login con returnUrl externo.
A6: S-01 | B6: S-01.png | C6: Almacenamiento de sesión con pharmasoft.sesion (token recortado); S-01_reabrir.png — login tras reabrir.
A7: S-02 | B7: S-02.png | C7: login y almacenamiento sin la clave pharmasoft.sesion.
A8: S-03 | B8: S-03.png | C8: login y consola sin errores.
A9: S-04 | B9: S-04_A.png y S-04_B.png | C9: ambas pestañas tras el cierre en A.
A10: I-01 | B10: I-01_api.png, I-01_login.png (encabezados, token recortado) e I-01_test.png (salida de npm test). | C10: I-01_api.png, I-01_login.png (encabezados, token recortado) e I-01_test.png (salida de npm test).
A11: I-02 | B11: I-02.png | C11: mensaje de conexión con el encabezado mostrando la sesión activa.
A12: I-03 | B12: I-03_red.png (401 en Red) e I-03_login.png (login con el aviso). | C12: I-03_red.png (401 en Red) e I-03_login.png (login con el aviso).
... A25: B-04 | B25: B-04.png | C25: login con el aviso de expiración.

Sheet Instrucciones
A1: CÓMO EJECUTAR LA MATRIZ
A2: 1) Backend PharmaBackend en ejecución (puerto del environment: 8080 con «ng serve», 8081 con build de producción) y SPA con «npm start».
A3: 2) Usuarios (guía S11): admin/Admin2026*, vendedor/Vendedor2026*, almacen/Almacen2026*, supervisor/Supervisor2026*, inactivo/Inactivo2026*.
A4: 3) Abrir F12: pestañas Red y Aplicación > Almacenamiento de sesión.
A5: 4) Ejecutar cada caso, completar «Resultado obtenido» con lo realmente observado y elegir Estado = Aprobado o Fallido.
A6: 5) Guardar la captura en docs/evidencias/ con el nombre indicado en la hoja Evidencias.
A8: CASOS B-01 A B-04 (aviso de expiración)
A9: Solo para la prueba: en PharmaBackend cambiar app.jwt.expiracion-minutos a 3 y reiniciarlo. Al terminar, restaurar el valor a 60. No se modifica el backend como parte de la entrega.
A11: EVIDENCIAS — PRIVACIDAD
A12: Nunca dejar visible el token JWT completo. Recortar o tapar la captura de modo que solo se vean los primeros caracteres (eyJ…).
A13: No inventar capturas ni resultados: un caso no ejecutado debe quedar como «Pendiente».
A15: NOTA
A16: Los casos L/S/I/G/M/E conservan los identificadores del enunciado y se redactaron a partir de la guía práctica de la Sesión 11 (Paso 11) y del comportamiento del código. Verifique rutas y usuarios contra el PDF oficial de la actividad autónoma, que no se recibió por separado.
